<?xml version="1.0" encoding="UTF-8" standalone="yes"?>
<addon id="plugin.program.ascleaner" version="1.0.0" name="AS Cleaner" provider-name="OpenAI">
    <requires>
        <import addon="xbmc.python" version="3.0.0"/>
    </requires>
    <extension point="xbmc.python.script" library="default.py" />
    <extension point="xbmc.addon.metadata">
        <summary lang="en">AS Cleaner - Smart Kodi Maintenance</summary>
        <description lang="en">Aliunde-style safe cleaner: clear cache, orphaned files, and thumbnails without breaking Kodi.</description>
        <platform>all</platform>
        <assets>
            <icon>resources/icon.png</icon>
        </assets>
    </extension>
</addon>
